hospital_id,Death_hospital_proportion,Number_of_patients
4,0.0,7.0
38,0.0,10.0
43,0.0,173.0
51,0.2909090909090909,110.0
66,0.0,22.0
72,0.0,15.0
85,0.0,133.0
93,0.0,6.0
95,0.0,6.0
111,0.0,200.0
124,0.0,9.0
130,0.5,2.0
142,0.005681818181818182,176.0
155,0.20652173913043478,92.0
